n,m,Greedy VC Size,Greedy Time (microseconds),LP Optimal,LP Total Time (microseconds),LP Rounded VC Size,Approximation Factor
10,10,6,11,4.0,4408.94,4,1.5
10,15,6,10,4.5,3830.87,6,1.3333
10,20,8,11,5.0,3544.2,10,1.6
10,25,10,13,5.0,2650.95,10,2.0
10,30,8,11,5.0,7578.82,10,1.6
10,35,10,13,5.0,2898.45,10,2.0
10,40,10,13,5.0,2583.06,10,2.0
10,45,10,14,5.0,2761.78,10,2.0
20,20,16,21,9.0,2285.1,9,1.7778
20,40,18,33,10.0,3446.89,20,1.8
20,60,16,27,10.0,2942.12,20,1.6
20,80,18,37,10.0,3684.33,20,1.8
20,100,20,43,10.0,2698.05,20,2.0
20,120,20,45,10.0,2224.86,20,2.0
20,140,18,32,10.0,2901.5,20,1.8
20,160,20,33,10.0,2784.28,20,2.0
20,180,20,35,10.0,2705.62,20,2.0
20,190,20,34,10.0,6365.38,20,2.0
